label,start_time,end_time,duration_seconds,result
canary_level1_off_vus10_run1,1790132126,1790132189,63,healthy
canary_level1_off_vus10_run2,1790132202,1790132265,63,healthy
canary_level1_off_vus10_run3,1790132278,1790132344,66,healthy
canary_level1_off_vus10_run4,1790132361,1790132421,60,healthy
canary_level1_off_vus10_run5,1790132434,1790132495,61,healthy
canary_level1_off_vus10_run6,1790132507,1790132570,63,healthy
canary_level1_off_vus10_run7,1790132583,1790132646,63,healthy
canary_level1_off_vus10_run8,1790132659,1790132725,66,healthy
canary_level1_off_vus10_run9,1790132742,1790132802,60,healthy
canary_level1_off_vus10_run10,1790132815,1790132877,62,healthy
canary_level1_off_vus10_run11,1790132889,1790132952,63,healthy
canary_level1_off_vus10_run12,1790132965,1790133028,63,healthy
canary_level1_off_vus10_run13,1790133041,1790133102,61,healthy
canary_level1_off_vus10_run14,1790133115,1790133175,60,healthy
canary_level1_off_vus10_run15,1790133188,1790133250,62,healthy
canary_level1_off_vus10_run16,1790133262,1790133325,63,healthy
canary_level1_off_vus10_run17,1790133338,1790133405,67,healthy
canary_level1_off_vus10_run18,1790133421,1790133482,61,healthy
canary_level1_off_vus10_run19,1790133495,1790133556,61,healthy
canary_level1_off_vus10_run20,1790133568,1790133631,63,healthy
canary_level1_errors_vus10_run1,1790133644,1790133707,63,healthy
canary_level1_errors_vus10_run2,1790133720,1790133787,67,healthy
canary_level1_errors_vus10_run3,1790133803,1790133864,61,healthy
canary_level1_errors_vus10_run4,1790133877,1790133938,61,healthy
canary_level1_errors_vus10_run5,1790133950,1790134013,63,healthy
canary_level1_errors_vus10_run6,1790134026,1790134089,63,healthy
canary_level1_errors_vus10_run7,1790134102,1790134168,66,healthy
canary_level1_errors_vus10_run8,1790134185,1790134245,60,healthy
canary_level1_errors_vus10_run9,1790134258,1790134319,61,healthy
canary_level1_errors_vus10_run10,1790134331,1790134394,63,healthy
canary_level1_errors_vus10_run11,1790134407,1790134470,63,healthy
canary_level1_errors_vus10_run12,1790134483,1790134549,66,healthy
canary_level1_errors_vus10_run13,1790134566,1790134626,60,healthy
canary_level1_errors_vus10_run14,1790134639,1790134701,62,healthy
canary_level1_errors_vus10_run15,1790134714,1790134777,63,healthy
canary_level1_errors_vus10_run16,1790134790,1790134853,63,healthy
canary_level1_errors_vus10_run17,1790134866,1790134927,61,healthy
canary_level1_errors_vus10_run18,1790134940,1790135000,60,healthy
canary_level1_errors_vus10_run19,1790135013,1790135075,62,healthy
canary_level1_errors_vus10_run20,1790135087,1790135150,63,healthy
canary_level1_latency_vus10_run1,1790135163,1790135230,67,healthy
canary_level1_latency_vus10_run2,1790135243,1790135304,61,healthy
canary_level1_latency_vus10_run3,1790135317,1790135378,61,healthy
canary_level1_latency_vus10_run4,1790135390,1790135453,63,healthy
canary_level1_latency_vus10_run5,1790135465,1790135528,63,healthy
canary_level1_latency_vus10_run6,1790135540,1790135607,67,healthy
canary_level1_latency_vus10_run7,1790135620,1790135681,61,healthy
canary_level1_latency_vus10_run8,1790135694,1790135755,61,healthy
canary_level1_latency_vus10_run9,1790135767,1790135830,63,healthy
canary_level1_latency_vus10_run10,1790135842,1790135905,63,healthy
canary_level1_latency_vus10_run11,1790135917,1790135984,67,healthy
canary_level1_latency_vus10_run12,1790135997,1790136057,60,healthy
canary_level1_latency_vus10_run13,1790136070,1790136131,61,healthy
canary_level1_latency_vus10_run14,1790136143,1790136206,63,healthy
canary_level1_latency_vus10_run15,1790136218,1790136281,63,healthy
canary_level1_latency_vus10_run16,1790136293,1790136359,66,healthy
canary_level1_latency_vus10_run17,1790136372,1790136432,60,healthy
canary_level1_latency_vus10_run18,1790136445,1790136506,61,healthy
canary_level1_latency_vus10_run19,1790136518,1790136581,63,healthy
canary_level1_latency_vus10_run20,1790136593,1790136656,63,healthy
canary_level1_memory_leak_vus10_run1,1790136668,1790136734,66,healthy
canary_level1_memory_leak_vus10_run2,1790136751,1790136811,60,healthy
canary_level1_memory_leak_vus10_run3,1790136824,1790136886,62,healthy
canary_level1_memory_leak_vus10_run4,1790136898,1790136961,63,healthy
canary_level1_memory_leak_vus10_run5,1790136974,1790137037,63,healthy
canary_level1_memory_leak_vus10_run6,1790137050,1790137111,61,healthy
canary_level1_memory_leak_vus10_run7,1790137124,1790137184,60,healthy
canary_level1_memory_leak_vus10_run8,1790137197,1790137259,62,healthy
canary_level1_memory_leak_vus10_run9,1790137271,1790137334,63,healthy
canary_level1_memory_leak_vus10_run10,1790137347,1790137414,67,healthy
canary_level1_memory_leak_vus10_run11,1790137430,1790137491,61,healthy
canary_level1_memory_leak_vus10_run12,1790137511,1790137573,62,healthy
canary_level1_memory_leak_vus10_run13,1790137585,1790137648,63,healthy
canary_level1_memory_leak_vus10_run14,1790137661,1790137724,63,healthy
canary_level1_memory_leak_vus10_run15,1790137737,1790137808,71,healthy
canary_level1_memory_leak_vus10_run16,1790137825,1790137885,60,healthy
canary_level1_memory_leak_vus10_run17,1790137898,1790137960,62,healthy
canary_level1_memory_leak_vus10_run18,1790137972,1790138035,63,healthy
canary_level1_memory_leak_vus10_run19,1790138048,1790138111,63,healthy
canary_level1_memory_leak_vus10_run20,1790138124,1790138190,66,healthy
canary_level1_crash_loop_vus10_run1,1790138207,1790138341,134,healthy
canary_level1_crash_loop_vus10_run2,1790138357,1790138530,173,healthy
canary_level1_crash_loop_vus10_run3,1790138547,1790138687,140,healthy
canary_level1_crash_loop_vus10_run4,1790138703,1790138829,126,healthy
canary_level1_crash_loop_vus10_run5,1790138845,1790138987,142,healthy
canary_level1_crash_loop_vus10_run6,1790139004,1790139112,108,healthy
canary_level1_crash_loop_vus10_run7,1790139128,1790139236,108,healthy
canary_level1_crash_loop_vus10_run8,1790139252,1790139358,106,healthy
canary_level1_crash_loop_vus10_run9,1790139375,1790139518,143,healthy
canary_level1_crash_loop_vus10_run10,1790139534,1790139607,73,healthy
canary_level1_crash_loop_vus10_run11,1790139623,1790139757,134,healthy
canary_level1_crash_loop_vus10_run12,1790139773,1790139882,109,healthy
canary_level1_crash_loop_vus10_run13,1790139898,1790140003,105,healthy
canary_level1_crash_loop_vus10_run14,1790140020,1790140126,106,healthy
canary_level1_crash_loop_vus10_run15,1790140142,1790140277,135,healthy
canary_level1_crash_loop_vus10_run16,1790140293,1790140424,131,healthy
canary_level1_crash_loop_vus10_run17,1790140441,1790140550,109,healthy
canary_level1_crash_loop_vus10_run18,1790140566,1790140676,110,healthy
canary_level1_crash_loop_vus10_run19,1790140692,1790140816,124,healthy
canary_level1_crash_loop_vus10_run20,1790140833,1790140935,102,healthy
canary_level1_downstream_db_slow_vus10_run1,1790140951,1790141014,63,healthy
canary_level1_downstream_db_slow_vus10_run2,1790141026,1790141092,66,healthy
canary_level1_downstream_db_slow_vus10_run3,1790141109,1790141169,60,healthy
canary_level1_downstream_db_slow_vus10_run4,1790141182,1790141244,62,healthy
canary_level1_downstream_db_slow_vus10_run5,1790141256,1790141319,63,healthy
canary_level1_downstream_db_slow_vus10_run6,1790141331,1790141394,63,healthy
canary_level1_downstream_db_slow_vus10_run7,1790141406,1790141472,66,healthy
canary_level1_downstream_db_slow_vus10_run8,1790141489,1790141549,60,healthy
canary_level1_downstream_db_slow_vus10_run9,1790141562,1790141624,62,healthy
canary_level1_downstream_db_slow_vus10_run10,1790141636,1790141699,63,healthy
canary_level1_downstream_db_slow_vus10_run11,1790141711,1790141774,63,healthy
canary_level1_downstream_db_slow_vus10_run12,1790141786,1790141847,61,healthy
canary_level1_downstream_db_slow_vus10_run13,1790141860,1790141920,60,healthy
canary_level1_downstream_db_slow_vus10_run14,1790141933,1790141995,62,healthy
canary_level1_downstream_db_slow_vus10_run15,1790142007,1790142070,63,healthy
canary_level1_downstream_db_slow_vus10_run16,1790142082,1790142145,63,healthy
canary_level1_downstream_db_slow_vus10_run17,1790142157,1790142218,61,healthy
canary_level1_downstream_db_slow_vus10_run18,1790142236,1790142296,60,healthy
canary_level1_downstream_db_slow_vus10_run19,1790142309,1790142371,62,healthy
canary_level1_downstream_db_slow_vus10_run20,1790142383,1790142446,63,healthy
canary_level2_off_vus10_run1,1790142458,1790142525,67,healthy
canary_level2_off_vus10_run2,1790142541,1790142602,61,healthy
canary_level2_off_vus10_run3,1790142615,1790142676,61,healthy
canary_level2_off_vus10_run4,1790142688,1790142751,63,healthy
canary_level2_off_vus10_run5,1790142764,1790142827,63,healthy
canary_level2_off_vus10_run6,1790142840,1790142911,71,healthy
canary_level2_off_vus10_run7,1790142928,1790142988,60,healthy
canary_level2_off_vus10_run8,1790143001,1790143062,61,healthy
canary_level2_off_vus10_run9,1790143074,1790143137,63,healthy
canary_level2_off_vus10_run10,1790143150,1790143213,63,healthy
canary_level2_off_vus10_run11,1790143226,1790143292,66,healthy
canary_level2_off_vus10_run12,1790143309,1790143369,60,healthy
canary_level2_off_vus10_run13,1790143382,1790143444,62,healthy
canary_level2_off_vus10_run14,1790143456,1790143519,63,healthy
canary_level2_off_vus10_run15,1790143531,1790143598,67,healthy
canary_level2_off_vus10_run16,1790143614,1790143675,61,healthy
canary_level2_off_vus10_run17,1790143688,1790143748,60,healthy
canary_level2_off_vus10_run18,1790143761,1790143823,62,healthy
canary_level2_off_vus10_run19,1790143835,1790143898,63,healthy
canary_level2_off_vus10_run20,1790143911,1790143978,67,healthy
canary_level2_errors_vus10_run1,1790143994,1790144039,45,failed_or_timeout
canary_level2_errors_vus10_run2,1790144051,1790144096,45,failed_or_timeout
canary_level2_errors_vus10_run3,1790144108,1790144153,45,failed_or_timeout
canary_level2_errors_vus10_run4,1790144165,1790144210,45,failed_or_timeout
canary_level2_errors_vus10_run5,1790144222,1790144285,63,healthy
canary_level2_errors_vus10_run6,1790144298,1790144369,71,healthy
canary_level2_errors_vus10_run7,1790144386,1790144446,60,healthy
canary_level2_errors_vus10_run8,1790144459,1790144521,62,healthy
canary_level2_errors_vus10_run9,1790144534,1790144597,63,healthy
canary_level2_errors_vus10_run10,1790144613,1790144658,45,failed_or_timeout
canary_level2_errors_vus10_run11,1790144670,1790144736,66,healthy
canary_level2_errors_vus10_run12,1790144753,1790144813,60,healthy
canary_level2_errors_vus10_run13,1790144826,1790144888,62,healthy
canary_level2_errors_vus10_run14,1790144900,1790144963,63,healthy
canary_level2_errors_vus10_run15,1790144975,1790145038,63,healthy
canary_level2_errors_vus10_run16,1790145050,1790145111,61,healthy
canary_level2_errors_vus10_run17,1790145124,1790145184,60,healthy
canary_level2_errors_vus10_run18,1790145197,1790145259,62,healthy
canary_level2_errors_vus10_run19,1790145271,1790145334,63,healthy
canary_level2_errors_vus10_run20,1790145346,1790145413,67,healthy
canary_level2_latency_vus10_run1,1790145425,1790145486,61,healthy
canary_level2_latency_vus10_run2,1790145499,1790145560,61,healthy
canary_level2_latency_vus10_run3,1790145572,1790145635,63,healthy
canary_level2_latency_vus10_run4,1790145648,1790145711,63,healthy
canary_level2_latency_vus10_run5,1790145723,1790145790,67,healthy
canary_level2_latency_vus10_run6,1790145803,1790145864,61,healthy
canary_level2_latency_vus10_run7,1790145878,1790145939,61,healthy
canary_level2_latency_vus10_run8,1790145952,1790146015,63,healthy
canary_level2_latency_vus10_run9,1790146027,1790146090,63,healthy
canary_level2_latency_vus10_run10,1790146103,1790146174,71,healthy
canary_level2_latency_vus10_run11,1790146191,1790146251,60,healthy
canary_level2_latency_vus10_run12,1790146265,1790146326,61,healthy
canary_level2_latency_vus10_run13,1790146338,1790146401,63,healthy
canary_level2_latency_vus10_run14,1790146414,1790146477,63,healthy
canary_level2_latency_vus10_run15,1790146489,1790146560,71,healthy
canary_level2_latency_vus10_run16,1790146577,1790146637,60,healthy
canary_level2_latency_vus10_run17,1790146650,1790146712,62,healthy
canary_level2_latency_vus10_run18,1790146724,1790146787,63,healthy
canary_level2_latency_vus10_run19,1790146799,1790146862,63,healthy
canary_level2_latency_vus10_run20,1790146874,1790146940,66,healthy
canary_level2_memory_leak_vus10_run1,1790146953,1790147013,60,healthy
canary_level2_memory_leak_vus10_run2,1790147027,1790147089,62,healthy
canary_level2_memory_leak_vus10_run3,1790147101,1790147164,63,healthy
canary_level2_memory_leak_vus10_run4,1790147177,1790147240,63,healthy
canary_level2_memory_leak_vus10_run5,1790147252,1790147318,66,healthy
canary_level2_memory_leak_vus10_run6,1790147335,1790147395,60,healthy
canary_level2_memory_leak_vus10_run7,1790147414,1790147476,62,healthy
canary_level2_memory_leak_vus10_run8,1790147488,1790147551,63,healthy
canary_level2_memory_leak_vus10_run9,1790147563,1790147626,63,healthy
canary_level2_memory_leak_vus10_run10,1790147638,1790147699,61,healthy
canary_level2_memory_leak_vus10_run11,1790147712,1790147772,60,healthy
canary_level2_memory_leak_vus10_run12,1790147786,1790147848,62,healthy
canary_level2_memory_leak_vus10_run13,1790147860,1790147923,63,healthy
canary_level2_memory_leak_vus10_run14,1790147935,1790147998,63,healthy
canary_level2_memory_leak_vus10_run15,1790148010,1790148071,61,healthy
canary_level2_memory_leak_vus10_run16,1790148085,1790148145,60,healthy
canary_level2_memory_leak_vus10_run17,1790148158,1790148220,62,healthy
canary_level2_memory_leak_vus10_run18,1790148233,1790148296,63,healthy
canary_level2_memory_leak_vus10_run19,1790148308,1790148371,63,healthy
canary_level2_memory_leak_vus10_run20,1790148383,1790148444,61,healthy
canary_level2_crash_loop_vus10_run1,1790148457,1790148525,68,healthy
canary_level2_crash_loop_vus10_run2,1790148542,1790148669,127,healthy
canary_level2_crash_loop_vus10_run3,1790148685,1790148829,144,healthy
canary_level2_crash_loop_vus10_run4,1790148846,1790148962,116,healthy
canary_level2_crash_loop_vus10_run5,1790148978,1790149110,132,healthy
canary_level2_crash_loop_vus10_run6,1790149126,1790149256,130,healthy
canary_level2_crash_loop_vus10_run7,1790149273,1790149348,75,healthy
canary_level2_crash_loop_vus10_run8,1790149364,1790149505,141,healthy
canary_level2_crash_loop_vus10_run9,1790149521,1790149658,137,healthy
canary_level2_crash_loop_vus10_run10,1790149674,1790149762,88,healthy
canary_level2_crash_loop_vus10_run11,1790149778,1790149879,101,healthy
canary_level2_crash_loop_vus10_run12,1790149896,1790149973,77,healthy
canary_level2_crash_loop_vus10_run13,1790149990,1790150101,111,healthy
canary_level2_crash_loop_vus10_run14,1790150117,1790150259,142,healthy
canary_level2_crash_loop_vus10_run15,1790150276,1790150349,73,healthy
canary_level2_crash_loop_vus10_run16,1790150366,1790150489,123,healthy
canary_level2_crash_loop_vus10_run17,1790150505,1790150615,110,healthy
canary_level2_crash_loop_vus10_run18,1790150632,1790150765,133,healthy
canary_level2_crash_loop_vus10_run19,1790150781,1790150886,105,healthy
canary_level2_crash_loop_vus10_run20,1790150902,1790150986,84,healthy
canary_level2_downstream_db_slow_vus10_run1,1790151003,1790151063,60,healthy
canary_level2_downstream_db_slow_vus10_run2,1790151076,1790151138,62,healthy
canary_level2_downstream_db_slow_vus10_run3,1790151151,1790151214,63,healthy
canary_level2_downstream_db_slow_vus10_run4,1790151227,1790151290,63,healthy
canary_level2_downstream_db_slow_vus10_run5,1790151302,1790151363,61,healthy
canary_level2_downstream_db_slow_vus10_run6,1790151376,1790151436,60,healthy
canary_level2_downstream_db_slow_vus10_run7,1790151450,1790151512,62,healthy
canary_level2_downstream_db_slow_vus10_run8,1790151525,1790151588,63,healthy
canary_level2_downstream_db_slow_vus10_run9,1790151601,1790151664,63,healthy
canary_level2_downstream_db_slow_vus10_run10,1790151676,1790151742,66,healthy
canary_level2_downstream_db_slow_vus10_run11,1790151755,1790151815,60,healthy
canary_level2_downstream_db_slow_vus10_run12,1790151829,1790151891,62,healthy
canary_level2_downstream_db_slow_vus10_run13,1790151904,1790151967,63,healthy
canary_level2_downstream_db_slow_vus10_run14,1790151980,1790152043,63,healthy
canary_level2_downstream_db_slow_vus10_run15,1790152056,1790152117,61,healthy
canary_level2_downstream_db_slow_vus10_run16,1790152130,1790152190,60,healthy
canary_level2_downstream_db_slow_vus10_run17,1790152203,1790152265,62,healthy
canary_level2_downstream_db_slow_vus10_run18,1790152277,1790152340,63,healthy
canary_level2_downstream_db_slow_vus10_run19,1790152352,1790152415,63,healthy
canary_level2_downstream_db_slow_vus10_run20,1790152428,1790152489,61,healthy
canary_level3_off_vus10_run1,1790152502,1790152562,60,healthy
canary_level3_off_vus10_run2,1790152576,1790152638,62,healthy
canary_level3_off_vus10_run3,1790152650,1790152713,63,healthy
canary_level3_off_vus10_run4,1790152726,1790152793,67,healthy
canary_level3_off_vus10_run5,1790152809,1790152870,61,healthy
canary_level3_off_vus10_run6,1790152884,1790152945,61,healthy
canary_level3_off_vus10_run7,1790152958,1790153021,63,healthy
canary_level3_off_vus10_run8,1790153034,1790153097,63,healthy
canary_level3_off_vus10_run9,1790153110,1790153176,66,healthy
canary_level3_off_vus10_run10,1790153193,1790153253,60,healthy
canary_level3_off_vus10_run11,1790153266,1790153328,62,healthy
canary_level3_off_vus10_run12,1790153341,1790153404,63,healthy
canary_level3_off_vus10_run13,1790153416,1790153479,63,healthy
canary_level3_off_vus10_run14,1790153491,1790153552,61,healthy
canary_level3_off_vus10_run15,1790153565,1790153625,60,healthy
canary_level3_off_vus10_run16,1790153639,1790153701,62,healthy
canary_level3_off_vus10_run17,1790153714,1790153777,63,healthy
canary_level3_off_vus10_run18,1790153790,1790153857,67,healthy
canary_level3_off_vus10_run19,1790153873,1790153934,61,healthy
canary_level3_off_vus10_run20,1790153947,1790154008,61,healthy
canary_level3_errors_vus10_run1,1790154021,1790154066,45,failed_or_timeout
canary_level3_errors_vus10_run2,1790154079,1790154109,30,failed_or_timeout
canary_level3_errors_vus10_run3,1790154121,1790154151,30,failed_or_timeout
canary_level3_errors_vus10_run4,1790154163,1790154229,66,healthy
canary_level3_errors_vus10_run5,1790154246,1790154275,29,failed_or_timeout
canary_level3_errors_vus10_run6,1790154287,1790154348,61,healthy
canary_level3_errors_vus10_run7,1790154361,1790154391,30,failed_or_timeout
canary_level3_errors_vus10_run8,1790154403,1790154466,63,healthy
canary_level3_errors_vus10_run9,1790154478,1790154508,30,failed_or_timeout
canary_level3_errors_vus10_run10,1790154520,1790154550,30,failed_or_timeout
canary_level3_errors_vus10_run11,1790154563,1790154593,30,failed_or_timeout
canary_level3_errors_vus10_run12,1790154605,1790154642,37,failed_or_timeout
canary_level3_errors_vus10_run13,1790154657,1790154694,37,failed_or_timeout
canary_level3_errors_vus10_run14,1790154706,1790154736,30,failed_or_timeout
canary_level3_errors_vus10_run15,1790154749,1790154812,63,healthy
canary_level3_errors_vus10_run16,1790154824,1790154869,45,failed_or_timeout
canary_level3_errors_vus10_run17,1790154882,1790154943,61,healthy
canary_level3_errors_vus10_run18,1790154959,1790155004,45,failed_or_timeout
canary_level3_errors_vus10_run19,1790155016,1790155061,45,failed_or_timeout
canary_level3_errors_vus10_run20,1790155074,1790155104,30,failed_or_timeout
canary_level3_latency_vus10_run1,1790155117,1790155180,63,healthy
canary_level3_latency_vus10_run2,1790155193,1790155260,67,healthy
canary_level3_latency_vus10_run3,1790155273,1790155334,61,healthy
canary_level3_latency_vus10_run4,1790155348,1790155409,61,healthy
canary_level3_latency_vus10_run5,1790155421,1790155484,63,healthy
canary_level3_latency_vus10_run6,1790155496,1790155559,63,healthy
canary_level3_latency_vus10_run7,1790155571,1790155637,66,healthy
canary_level3_latency_vus10_run8,1790155650,1790155710,60,healthy
canary_level3_latency_vus10_run9,1790155723,1790155785,62,healthy
canary_level3_latency_vus10_run10,1790155798,1790155861,63,healthy
canary_level3_latency_vus10_run11,1790155873,1790155936,63,healthy
canary_level3_latency_vus10_run12,1790155948,1790156009,61,healthy
canary_level3_latency_vus10_run13,1790156022,1790156082,60,healthy
canary_level3_latency_vus10_run14,1790156095,1790156157,62,healthy
canary_level3_latency_vus10_run15,1790156170,1790156233,63,healthy
canary_level3_latency_vus10_run16,1790156246,1790156313,67,healthy
canary_level3_latency_vus10_run17,1790156325,1790156386,61,healthy
canary_level3_latency_vus10_run18,1790156399,1790156460,61,healthy
canary_level3_latency_vus10_run19,1790156473,1790156536,63,healthy
canary_level3_latency_vus10_run20,1790156549,1790156612,63,healthy
canary_level3_memory_leak_vus10_run1,1790156625,1790156692,67,healthy
canary_level3_memory_leak_vus10_run2,1790156705,1790156765,60,healthy
canary_level3_memory_leak_vus10_run3,1790156778,1790156839,61,healthy
canary_level3_memory_leak_vus10_run4,1790156852,1790156915,63,healthy
canary_level3_memory_leak_vus10_run5,1790156928,1790156991,63,healthy
canary_level3_memory_leak_vus10_run6,1790157003,1790157069,66,healthy
canary_level3_memory_leak_vus10_run7,1790157086,1790157146,60,healthy
canary_level3_memory_leak_vus10_run8,1790157159,1790157221,62,healthy
canary_level3_memory_leak_vus10_run9,1790157233,1790157296,63,healthy
canary_level3_memory_leak_vus10_run10,1790157309,1790157376,67,healthy
canary_level3_memory_leak_vus10_run11,1790157392,1790157453,61,healthy
canary_level3_memory_leak_vus10_run12,1790157467,1790157528,61,healthy
canary_level3_memory_leak_vus10_run13,1790157541,1790157604,63,healthy
canary_level3_memory_leak_vus10_run14,1790157617,1790157680,63,healthy
canary_level3_memory_leak_vus10_run15,1790157692,1790157759,67,healthy
canary_level3_memory_leak_vus10_run16,1790157776,1790157836,60,healthy
canary_level3_memory_leak_vus10_run17,1790157849,1790157910,61,healthy
canary_level3_memory_leak_vus10_run18,1790157922,1790157985,63,healthy
canary_level3_memory_leak_vus10_run19,1790157998,1790158061,63,healthy
canary_level3_memory_leak_vus10_run20,1790158074,1790158140,66,healthy
canary_level3_crash_loop_vus10_run1,1790158157,1790158278,121,healthy
canary_level3_crash_loop_vus10_run2,1790158294,1790158373,79,healthy
canary_level3_crash_loop_vus10_run3,1790158389,1790158519,130,healthy
canary_level3_crash_loop_vus10_run4,1790158536,1790158649,113,healthy
canary_level3_crash_loop_vus10_run5,1790158665,1790158789,124,healthy
canary_level3_crash_loop_vus10_run6,1790158805,1790158936,131,healthy
canary_level3_crash_loop_vus10_run7,1790158953,1790159083,130,healthy
canary_level3_crash_loop_vus10_run8,1790159099,1790159221,122,healthy
canary_level3_crash_loop_vus10_run9,1790159238,1790159343,105,healthy
canary_level3_crash_loop_vus10_run10,1790159359,1790159495,136,healthy
canary_level3_crash_loop_vus10_run11,1790159511,1790159643,132,healthy
canary_level3_crash_loop_vus10_run12,1790159660,1790159786,126,healthy
canary_level3_crash_loop_vus10_run13,1790159802,1790159911,109,healthy
canary_level3_crash_loop_vus10_run14,1790159928,1790160038,110,healthy
canary_level3_crash_loop_vus10_run15,1790160054,1790160162,108,healthy
canary_level3_crash_loop_vus10_run16,1790160178,1790160278,100,healthy
canary_level3_crash_loop_vus10_run17,1790160295,1790160401,106,healthy
canary_level3_crash_loop_vus10_run18,1790160417,1790160524,107,healthy
canary_level3_crash_loop_vus10_run19,1790160540,1790160648,108,healthy
canary_level3_crash_loop_vus10_run20,1790160665,1790160793,128,healthy
canary_level3_downstream_db_slow_vus10_run1,1790160809,1790160872,63,healthy
canary_level3_downstream_db_slow_vus10_run2,1790160885,1790160952,67,healthy
canary_level3_downstream_db_slow_vus10_run3,1790160964,1790161025,61,healthy
canary_level3_downstream_db_slow_vus10_run4,1790161038,1790161099,61,healthy
canary_level3_downstream_db_slow_vus10_run5,1790161111,1790161174,63,healthy
canary_level3_downstream_db_slow_vus10_run6,1790161187,1790161250,63,healthy
canary_level3_downstream_db_slow_vus10_run7,1790161263,1790161330,67,healthy
canary_level3_downstream_db_slow_vus10_run8,1790161347,1790161407,60,healthy
canary_level3_downstream_db_slow_vus10_run9,1790161421,1790161482,61,healthy
canary_level3_downstream_db_slow_vus10_run10,1790161494,1790161557,63,healthy
canary_level3_downstream_db_slow_vus10_run11,1790161570,1790161633,63,healthy
canary_level3_downstream_db_slow_vus10_run12,1790161646,1790161712,66,healthy
canary_level3_downstream_db_slow_vus10_run13,1790161725,1790161785,60,healthy
canary_level3_downstream_db_slow_vus10_run14,1790161799,1790161861,62,healthy
canary_level3_downstream_db_slow_vus10_run15,1790161874,1790161937,63,healthy
canary_level3_downstream_db_slow_vus10_run16,1790161950,1790162017,67,healthy
canary_level3_downstream_db_slow_vus10_run17,1790162030,1790162091,61,healthy
canary_level3_downstream_db_slow_vus10_run18,1790162104,1790162165,61,healthy
canary_level3_downstream_db_slow_vus10_run19,1790162177,1790162240,63,healthy
canary_level3_downstream_db_slow_vus10_run20,1790162252,1790162315,63,healthy
bluegreen_level1_off_vus10_run1,1790162327,1790162328,1,healthy
bluegreen_level1_off_vus10_run2,1790162341,1790162342,1,healthy
bluegreen_level1_off_vus10_run3,1790162354,1790162360,6,healthy
bluegreen_level1_off_vus10_run4,1790162372,1790162373,1,healthy
bluegreen_level1_off_vus10_run5,1790162385,1790162386,1,healthy
bluegreen_level1_off_vus10_run6,1790162400,1790162400,0,healthy
bluegreen_level1_off_vus10_run7,1790162414,1790162414,0,healthy
bluegreen_level1_off_vus10_run8,1790162427,1790162427,0,healthy
bluegreen_level1_off_vus10_run9,1790162440,1790162440,0,healthy
bluegreen_level1_off_vus10_run10,1790162453,1790162453,0,healthy
bluegreen_level1_off_vus10_run11,1790162466,1790162466,0,healthy
bluegreen_level1_off_vus10_run12,1790162479,1790162485,6,healthy
bluegreen_level1_off_vus10_run13,1790162497,1790162498,1,healthy
bluegreen_level1_off_vus10_run14,1790162510,1790162516,6,healthy
bluegreen_level1_off_vus10_run15,1790162528,1790162529,1,healthy
bluegreen_level1_off_vus10_run16,1790162541,1790162542,1,healthy
bluegreen_level1_off_vus10_run17,1790162554,1790162560,6,healthy
bluegreen_level1_off_vus10_run18,1790162572,1790162573,1,healthy
bluegreen_level1_off_vus10_run19,1790162585,1790162586,1,healthy
bluegreen_level1_off_vus10_run20,1790162598,1790162604,6,healthy
bluegreen_level1_errors_vus10_run1,1790162621,1790162622,1,healthy
bluegreen_level1_errors_vus10_run2,1790162635,1790162636,1,healthy
bluegreen_level1_errors_vus10_run3,1790162649,1790162649,0,healthy
bluegreen_level1_errors_vus10_run4,1790162662,1790162662,0,healthy
bluegreen_level1_errors_vus10_run5,1790162675,1790162680,5,healthy
bluegreen_level1_errors_vus10_run6,1790162698,1790162698,0,healthy
bluegreen_level1_errors_vus10_run7,1790162712,1790162717,5,healthy
bluegreen_level1_errors_vus10_run8,1790162730,1790162730,0,healthy
bluegreen_level1_errors_vus10_run9,1790162744,1790162745,1,healthy
bluegreen_level1_errors_vus10_run10,1790162758,1790162764,6,healthy
bluegreen_level1_errors_vus10_run11,1790162776,1790162777,1,healthy
bluegreen_level1_errors_vus10_run12,1790162790,1790162791,1,healthy
bluegreen_level1_errors_vus10_run13,1790162804,1790162805,1,healthy
bluegreen_level1_errors_vus10_run14,1790162818,1790162819,1,healthy
bluegreen_level1_errors_vus10_run15,1790162832,1790162838,6,healthy
bluegreen_level1_errors_vus10_run16,1790162850,1790162856,6,healthy
bluegreen_level1_errors_vus10_run17,1790162871,1790162877,6,healthy
bluegreen_level1_errors_vus10_run18,1790162891,1790162892,1,healthy
bluegreen_level1_errors_vus10_run19,1790162906,1790162906,0,healthy
bluegreen_level1_errors_vus10_run20,1790162919,1790162924,5,healthy
bluegreen_level1_latency_vus10_run1,1790162939,1790162939,0,healthy
bluegreen_level1_latency_vus10_run2,1790162952,1790162952,0,healthy
bluegreen_level1_latency_vus10_run3,1790162965,1790162965,0,healthy
bluegreen_level1_latency_vus10_run4,1790162978,1790162983,5,healthy
bluegreen_level1_latency_vus10_run5,1790162998,1790162999,1,healthy
bluegreen_level1_latency_vus10_run6,1790163013,1790163019,6,healthy
bluegreen_level1_latency_vus10_run7,1790163031,1790163032,1,healthy
bluegreen_level1_latency_vus10_run8,1790163045,1790163051,6,healthy
bluegreen_level1_latency_vus10_run9,1790163063,1790163064,1,healthy
bluegreen_level1_latency_vus10_run10,1790163076,1790163077,1,healthy
bluegreen_level1_latency_vus10_run11,1790163090,1790163091,1,healthy
bluegreen_level1_latency_vus10_run12,1790163103,1790163109,6,healthy
bluegreen_level1_latency_vus10_run13,1790163121,1790163127,6,healthy
bluegreen_level1_latency_vus10_run14,1790163139,1790163140,1,healthy
bluegreen_level1_latency_vus10_run15,1790163153,1790163153,0,healthy
bluegreen_level1_latency_vus10_run16,1790163166,1790163166,0,healthy
bluegreen_level1_latency_vus10_run17,1790163180,1790163180,0,healthy
bluegreen_level1_latency_vus10_run18,1790163194,1790163199,5,healthy
bluegreen_level1_latency_vus10_run19,1790163212,1790163212,0,healthy
bluegreen_level1_latency_vus10_run20,1790163226,1790163231,5,healthy
bluegreen_level1_memory_leak_vus10_run1,1790163244,1790163245,1,healthy
bluegreen_level1_memory_leak_vus10_run2,1790163257,1790163258,1,healthy
bluegreen_level1_memory_leak_vus10_run3,1790163270,1790163271,1,healthy
bluegreen_level1_memory_leak_vus10_run4,1790163283,1790163284,1,healthy
bluegreen_level1_memory_leak_vus10_run5,1790163297,1790163298,1,healthy
bluegreen_level1_memory_leak_vus10_run6,1790163310,1790163316,6,healthy
bluegreen_level1_memory_leak_vus10_run7,1790163329,1790163335,6,healthy
bluegreen_level1_memory_leak_vus10_run8,1790163347,1790163353,6,healthy
bluegreen_level1_memory_leak_vus10_run9,1790163370,1790163376,6,healthy
bluegreen_level1_memory_leak_vus10_run10,1790163390,1790163395,5,healthy
bluegreen_level1_memory_leak_vus10_run11,1790163408,1790163408,0,healthy
bluegreen_level1_memory_leak_vus10_run12,1790163422,1790163427,5,healthy
bluegreen_level1_memory_leak_vus10_run13,1790163440,1790163440,0,healthy
bluegreen_level1_memory_leak_vus10_run14,1790163453,1790163453,0,healthy
bluegreen_level1_memory_leak_vus10_run15,1790163466,1790163471,5,healthy
bluegreen_level1_memory_leak_vus10_run16,1790163484,1790163484,0,healthy
bluegreen_level1_memory_leak_vus10_run17,1790163497,1790163498,1,healthy
bluegreen_level1_memory_leak_vus10_run18,1790163510,1790163511,1,healthy
bluegreen_level1_memory_leak_vus10_run19,1790163524,1790163530,6,healthy
bluegreen_level1_memory_leak_vus10_run20,1790163542,1790163543,1,healthy
bluegreen_level1_crash_loop_vus10_run1,1790163555,1790163671,116,healthy
bluegreen_level1_crash_loop_vus10_run2,1790163688,1790163688,0,healthy
bluegreen_level1_crash_loop_vus10_run3,1790163702,1790163817,115,healthy
bluegreen_level1_crash_loop_vus10_run4,1790163833,1790163834,1,healthy
bluegreen_level1_crash_loop_vus10_run5,1790163846,1790163957,111,healthy
bluegreen_level1_crash_loop_vus10_run6,1790163973,1790163974,1,healthy
bluegreen_level1_crash_loop_vus10_run7,1790163988,1790163988,0,healthy
bluegreen_level1_crash_loop_vus10_run8,1790164005,1790164006,1,healthy
bluegreen_level1_crash_loop_vus10_run9,1790164020,1790164020,0,healthy
bluegreen_level1_crash_loop_vus10_run10,1790164034,1790164034,0,healthy
bluegreen_level1_crash_loop_vus10_run11,1790164048,1790164048,0,healthy
bluegreen_level1_crash_loop_vus10_run12,1790164062,1790164062,0,healthy
bluegreen_level1_crash_loop_vus10_run13,1790164075,1790164081,6,healthy
bluegreen_level1_crash_loop_vus10_run14,1790164094,1790164095,1,healthy
bluegreen_level1_crash_loop_vus10_run15,1790164108,1790164109,1,healthy
bluegreen_level1_crash_loop_vus10_run16,1790164122,1790164246,124,healthy
bluegreen_level1_crash_loop_vus10_run17,1790164263,1790164263,0,healthy
bluegreen_level1_crash_loop_vus10_run18,1790164277,1790164282,5,healthy
bluegreen_level1_crash_loop_vus10_run19,1790164295,1790164295,0,healthy
bluegreen_level1_crash_loop_vus10_run20,1790164308,1790164308,0,healthy
bluegreen_level1_downstream_db_slow_vus10_run1,1790164321,1790164321,0,healthy
bluegreen_level1_downstream_db_slow_vus10_run2,1790164335,1790164335,0,healthy
bluegreen_level1_downstream_db_slow_vus10_run3,1790164349,1790164349,0,healthy
bluegreen_level1_downstream_db_slow_vus10_run4,1790164362,1790164363,1,healthy
bluegreen_level1_downstream_db_slow_vus10_run5,1790164375,1790164376,1,healthy
bluegreen_level1_downstream_db_slow_vus10_run6,1790164388,1790164394,6,healthy
bluegreen_level1_downstream_db_slow_vus10_run7,1790164407,1790164413,6,healthy
bluegreen_level1_downstream_db_slow_vus10_run8,1790164425,1790164426,1,healthy
bluegreen_level1_downstream_db_slow_vus10_run9,1790164439,1790164440,1,healthy
bluegreen_level1_downstream_db_slow_vus10_run10,1790164452,1790164453,1,healthy
bluegreen_level1_downstream_db_slow_vus10_run11,1790164466,1790164467,1,healthy
bluegreen_level1_downstream_db_slow_vus10_run12,1790164479,1790164480,1,healthy
bluegreen_level1_downstream_db_slow_vus10_run13,1790164492,1790164493,1,healthy
bluegreen_level1_downstream_db_slow_vus10_run14,1790164506,1790164506,0,healthy
bluegreen_level1_downstream_db_slow_vus10_run15,1790164519,1790164524,5,healthy
bluegreen_level1_downstream_db_slow_vus10_run16,1790164537,1790164537,0,healthy
bluegreen_level1_downstream_db_slow_vus10_run17,1790164550,1790164550,0,healthy
bluegreen_level1_downstream_db_slow_vus10_run18,1790164565,1790164570,5,healthy
bluegreen_level1_downstream_db_slow_vus10_run19,1790164583,1790164588,5,healthy
bluegreen_level1_downstream_db_slow_vus10_run20,1790164602,1790164603,1,healthy
bluegreen_level2_off_vus10_run1,1790164615,1790164691,76,healthy
bluegreen_level2_off_vus10_run2,1790164702,1790164778,76,healthy
bluegreen_level2_off_vus10_run3,1790164789,1790164865,76,healthy
bluegreen_level2_off_vus10_run4,1790164877,1790164957,80,healthy
bluegreen_level2_off_vus10_run5,1790164968,1790165044,76,healthy
bluegreen_level2_off_vus10_run6,1790165055,1790165136,81,healthy
bluegreen_level2_off_vus10_run7,1790165148,1790165223,75,healthy
bluegreen_level2_off_vus10_run8,1790165235,1790165315,80,healthy
bluegreen_level2_off_vus10_run9,1790165326,1790165402,76,healthy
bluegreen_level2_off_vus10_run10,1790165413,1790165489,76,healthy
bluegreen_level2_off_vus10_run11,1790165501,1790165581,80,healthy
bluegreen_level2_off_vus10_run12,1790165593,1790165668,75,healthy
bluegreen_level2_off_vus10_run13,1790165679,1790165760,81,healthy
bluegreen_level2_off_vus10_run14,1790165771,1790165847,76,healthy
bluegreen_level2_off_vus10_run15,1790165859,1790165934,75,healthy
bluegreen_level2_off_vus10_run16,1790165950,1790166026,76,healthy
bluegreen_level2_off_vus10_run17,1790166037,1790166118,81,healthy
bluegreen_level2_off_vus10_run18,1790166129,1790166210,81,healthy
bluegreen_level2_off_vus10_run19,1790166222,1790166302,80,healthy
bluegreen_level2_off_vus10_run20,1790166318,1790166394,76,healthy
bluegreen_level2_errors_vus10_run1,1790166410,1790166456,46,failed_or_timeout
bluegreen_level2_errors_vus10_run2,1790166474,1790166520,46,failed_or_timeout
bluegreen_level2_errors_vus10_run3,1790166532,1790166582,50,failed_or_timeout
bluegreen_level2_errors_vus10_run4,1790166594,1790166644,50,failed_or_timeout
bluegreen_level2_errors_vus10_run5,1790166657,1790166703,46,failed_or_timeout
bluegreen_level2_errors_vus10_run6,1790166716,1790166767,51,failed_or_timeout
bluegreen_level2_errors_vus10_run7,1790166780,1790166826,46,failed_or_timeout
bluegreen_level2_errors_vus10_run8,1790166840,1790166890,50,failed_or_timeout
bluegreen_level2_errors_vus10_run9,1790166903,1790166948,45,failed_or_timeout
bluegreen_level2_errors_vus10_run10,1790166961,1790167007,46,failed_or_timeout
bluegreen_level2_errors_vus10_run11,1790167020,1790167066,46,failed_or_timeout
bluegreen_level2_errors_vus10_run12,1790167079,1790167125,46,failed_or_timeout
bluegreen_level2_errors_vus10_run13,1790167138,1790167184,46,failed_or_timeout
bluegreen_level2_errors_vus10_run14,1790167197,1790167242,45,failed_or_timeout
bluegreen_level2_errors_vus10_run15,1790167255,1790167300,45,failed_or_timeout
bluegreen_level2_errors_vus10_run16,1790167312,1790167358,46,failed_or_timeout
bluegreen_level2_errors_vus10_run17,1790167370,1790167416,46,failed_or_timeout
bluegreen_level2_errors_vus10_run18,1790167428,1790167474,46,failed_or_timeout
bluegreen_level2_errors_vus10_run19,1790167487,1790167532,45,failed_or_timeout
bluegreen_level2_errors_vus10_run20,1790167545,1790167590,45,failed_or_timeout
bluegreen_level2_latency_vus10_run1,1790167603,1790167684,81,healthy
bluegreen_level2_latency_vus10_run2,1790167695,1790167771,76,healthy
bluegreen_level2_latency_vus10_run3,1790167782,1790167858,76,healthy
bluegreen_level2_latency_vus10_run4,1790167870,1790167945,75,healthy
bluegreen_level2_latency_vus10_run5,1790167961,1790168037,76,healthy
bluegreen_level2_latency_vus10_run6,1790168048,1790168124,76,healthy
bluegreen_level2_latency_vus10_run7,1790168135,1790168211,76,healthy
bluegreen_level2_latency_vus10_run8,1790168223,1790168303,80,healthy
bluegreen_level2_latency_vus10_run9,1790168319,1790168395,76,healthy
bluegreen_level2_latency_vus10_run10,1790168406,1790168482,76,healthy
bluegreen_level2_latency_vus10_run11,1790168493,1790168569,76,healthy
bluegreen_level2_latency_vus10_run12,1790168581,1790168661,80,healthy
bluegreen_level2_latency_vus10_run13,1790168672,1790168748,76,healthy
bluegreen_level2_latency_vus10_run14,1790168759,1790168840,81,healthy
bluegreen_level2_latency_vus10_run15,1790168852,1790168927,75,healthy
bluegreen_level2_latency_vus10_run16,1790168939,1790169019,80,healthy
bluegreen_level2_latency_vus10_run17,1790169030,1790169106,76,healthy
bluegreen_level2_latency_vus10_run18,1790169117,1790169193,76,healthy
bluegreen_level2_latency_vus10_run19,1790169205,1790169280,75,healthy
bluegreen_level2_latency_vus10_run20,1790169292,1790169372,80,healthy
bluegreen_level2_memory_leak_vus10_run1,1790169383,1790169464,81,healthy
bluegreen_level2_memory_leak_vus10_run2,1790169475,1790169556,81,healthy
bluegreen_level2_memory_leak_vus10_run3,1790169568,1790169648,80,healthy
bluegreen_level2_memory_leak_vus10_run4,1790169664,1790169740,76,healthy
bluegreen_level2_memory_leak_vus10_run5,1790169755,1790169836,81,healthy
bluegreen_level2_memory_leak_vus10_run6,1790169847,1790169928,81,healthy
bluegreen_level2_memory_leak_vus10_run7,1790169940,1790170020,80,healthy
bluegreen_level2_memory_leak_vus10_run8,1790170036,1790170112,76,healthy
bluegreen_level2_memory_leak_vus10_run9,1790170123,1790170204,81,healthy
bluegreen_level2_memory_leak_vus10_run10,1790170216,1790170291,75,healthy
bluegreen_level2_memory_leak_vus10_run11,1790170303,1790170383,80,healthy
bluegreen_level2_memory_leak_vus10_run12,1790170394,1790170475,81,healthy
bluegreen_level2_memory_leak_vus10_run13,1790170486,1790170562,76,healthy
bluegreen_level2_memory_leak_vus10_run14,1790170574,1790170654,80,healthy
bluegreen_level2_memory_leak_vus10_run15,1790170670,1790170746,76,healthy
bluegreen_level2_memory_leak_vus10_run16,1790170757,1790170838,81,healthy
bluegreen_level2_memory_leak_vus10_run17,1790170849,1790170930,81,healthy
bluegreen_level2_memory_leak_vus10_run18,1790170942,1790171022,80,healthy
bluegreen_level2_memory_leak_vus10_run19,1790171038,1790171114,76,healthy
bluegreen_level2_memory_leak_vus10_run20,1790171125,1790171206,81,healthy
bluegreen_level2_crash_loop_vus10_run1,1790171218,1790171326,108,healthy
bluegreen_level2_crash_loop_vus10_run2,1790171343,1790171456,113,healthy
bluegreen_level2_crash_loop_vus10_run3,1790171472,1790171587,115,healthy
bluegreen_level2_crash_loop_vus10_run4,1790171604,1790171724,120,healthy
bluegreen_level2_crash_loop_vus10_run5,1790171740,1790171841,101,healthy
bluegreen_level2_crash_loop_vus10_run6,1790171858,1790171967,109,healthy
bluegreen_level2_crash_loop_vus10_run7,1790171984,1790172096,112,healthy
bluegreen_level2_crash_loop_vus10_run8,1790172112,1790172214,102,healthy
bluegreen_level2_crash_loop_vus10_run9,1790172231,1790172336,105,healthy
bluegreen_level2_crash_loop_vus10_run10,1790172352,1790172463,111,healthy
bluegreen_level2_crash_loop_vus10_run11,1790172479,1790172598,119,healthy
bluegreen_level2_crash_loop_vus10_run12,1790172615,1790172729,114,healthy
bluegreen_level2_crash_loop_vus10_run13,1790172745,1790172852,107,healthy
bluegreen_level2_crash_loop_vus10_run14,1790172869,1790172977,108,healthy
bluegreen_level2_crash_loop_vus10_run15,1790172993,1790173108,115,healthy
bluegreen_level2_crash_loop_vus10_run16,1790173124,1790173228,104,healthy
bluegreen_level2_crash_loop_vus10_run17,1790173245,1790173356,111,healthy
bluegreen_level2_crash_loop_vus10_run18,1790173372,1790173477,105,healthy
bluegreen_level2_crash_loop_vus10_run19,1790173494,1790173650,156,healthy
bluegreen_level2_crash_loop_vus10_run20,1790173666,1790173775,109,healthy
bluegreen_level2_downstream_db_slow_vus10_run1,1790173791,1790173867,76,healthy
bluegreen_level2_downstream_db_slow_vus10_run2,1790173879,1790173954,75,healthy
bluegreen_level2_downstream_db_slow_vus10_run3,1790173970,1790174046,76,healthy
bluegreen_level2_downstream_db_slow_vus10_run4,1790174057,1790174133,76,healthy
bluegreen_level2_downstream_db_slow_vus10_run5,1790174144,1790174220,76,healthy
bluegreen_level2_downstream_db_slow_vus10_run6,1790174232,1790174312,80,healthy
bluegreen_level2_downstream_db_slow_vus10_run7,1790174323,1790174404,81,healthy
bluegreen_level2_downstream_db_slow_vus10_run8,1790174415,1790174491,76,healthy
bluegreen_level2_downstream_db_slow_vus10_run9,1790174503,1790174578,75,healthy
bluegreen_level2_downstream_db_slow_vus10_run10,1790174590,1790174665,75,healthy
bluegreen_level2_downstream_db_slow_vus10_run11,1790174676,1790174757,81,healthy
bluegreen_level2_downstream_db_slow_vus10_run12,1790174768,1790174849,81,healthy
bluegreen_level2_downstream_db_slow_vus10_run13,1790174861,1790174936,75,healthy
bluegreen_level2_downstream_db_slow_vus10_run14,1790174948,1790175028,80,healthy
bluegreen_level2_downstream_db_slow_vus10_run15,1790175039,1790175115,76,healthy
bluegreen_level2_downstream_db_slow_vus10_run16,1790175126,1790175202,76,healthy
bluegreen_level2_downstream_db_slow_vus10_run17,1790175214,1790175289,75,healthy
bluegreen_level2_downstream_db_slow_vus10_run18,1790175301,1790175376,75,healthy
bluegreen_level2_downstream_db_slow_vus10_run19,1790175387,1790175463,76,healthy
bluegreen_level2_downstream_db_slow_vus10_run20,1790175474,1790175555,81,healthy
bluegreen_level3_off_vus10_run1,1790175567,1790175647,80,healthy
bluegreen_level3_off_vus10_run2,1790175663,1790175739,76,healthy
bluegreen_level3_off_vus10_run3,1790175750,1790175826,76,healthy
bluegreen_level3_off_vus10_run4,1790175837,1790175913,76,healthy
bluegreen_level3_off_vus10_run5,1790175925,1790176000,75,healthy
bluegreen_level3_off_vus10_run6,1790176016,1790176092,76,healthy
bluegreen_level3_off_vus10_run7,1790176103,1790176179,76,healthy
bluegreen_level3_off_vus10_run8,1790176190,1790176266,76,healthy
bluegreen_level3_off_vus10_run9,1790176278,1790176353,75,healthy
bluegreen_level3_off_vus10_run10,1790176369,1790176445,76,healthy
bluegreen_level3_off_vus10_run11,1790176456,1790176532,76,healthy
bluegreen_level3_off_vus10_run12,1790176544,1790176619,75,healthy
bluegreen_level3_off_vus10_run13,1790176631,1790176711,80,healthy
bluegreen_level3_off_vus10_run14,1790176722,1790176798,76,healthy
bluegreen_level3_off_vus10_run15,1790176809,1790176885,76,healthy
bluegreen_level3_off_vus10_run16,1790176897,1790176977,80,healthy
bluegreen_level3_off_vus10_run17,1790176989,1790177064,75,healthy
bluegreen_level3_off_vus10_run18,1790177075,1790177156,81,healthy
bluegreen_level3_off_vus10_run19,1790177167,1790177243,76,healthy
bluegreen_level3_off_vus10_run20,1790177255,1790177335,80,healthy
bluegreen_level3_errors_vus10_run1,1790177351,1790177382,31,failed_or_timeout
bluegreen_level3_errors_vus10_run2,1790177394,1790177425,31,failed_or_timeout
bluegreen_level3_errors_vus10_run3,1790177437,1790177468,31,failed_or_timeout
bluegreen_level3_errors_vus10_run4,1790177480,1790177511,31,failed_or_timeout
bluegreen_level3_errors_vus10_run5,1790177525,1790177556,31,failed_or_timeout
bluegreen_level3_errors_vus10_run6,1790177568,1790177598,30,failed_or_timeout
bluegreen_level3_errors_vus10_run7,1790177611,1790177641,30,failed_or_timeout
bluegreen_level3_errors_vus10_run8,1790177653,1790177684,31,failed_or_timeout
bluegreen_level3_errors_vus10_run9,1790177697,1790177728,31,failed_or_timeout
bluegreen_level3_errors_vus10_run10,1790177740,1790177771,31,failed_or_timeout
bluegreen_level3_errors_vus10_run11,1790177783,1790177814,31,failed_or_timeout
bluegreen_level3_errors_vus10_run12,1790177826,1790177862,36,failed_or_timeout
bluegreen_level3_errors_vus10_run13,1790177874,1790177904,30,failed_or_timeout
bluegreen_level3_errors_vus10_run14,1790177917,1790177947,30,failed_or_timeout
bluegreen_level3_errors_vus10_run15,1790177959,1790177989,30,failed_or_timeout
bluegreen_level3_errors_vus10_run16,1790178002,1790178033,31,failed_or_timeout
bluegreen_level3_errors_vus10_run17,1790178045,1790178076,31,failed_or_timeout
bluegreen_level3_errors_vus10_run18,1790178089,1790178120,31,failed_or_timeout
bluegreen_level3_errors_vus10_run19,1790178133,1790178164,31,failed_or_timeout
bluegreen_level3_errors_vus10_run20,1790178177,1790178207,30,failed_or_timeout
bluegreen_level3_latency_vus10_run1,1790178220,1790178295,75,healthy
bluegreen_level3_latency_vus10_run2,1790178311,1790178387,76,healthy
bluegreen_level3_latency_vus10_run3,1790178398,1790178998,600,failed_or_timeout
bluegreen_level3_latency_vus10_run4,1790179015,1790179090,75,healthy
bluegreen_level3_latency_vus10_run5,1790179101,1790179177,76,healthy
bluegreen_level3_latency_vus10_run6,1790179188,1790179264,76,healthy
bluegreen_level3_latency_vus10_run7,1790179276,1790179356,80,healthy
bluegreen_level3_latency_vus10_run8,1790179372,1790179448,76,healthy
bluegreen_level3_latency_vus10_run9,1790179459,1790179535,76,healthy
bluegreen_level3_latency_vus10_run10,1790179546,1790179622,76,healthy
bluegreen_level3_latency_vus10_run11,1790179634,1790179714,80,healthy
bluegreen_level3_latency_vus10_run12,1790179730,1790179806,76,healthy
bluegreen_level3_latency_vus10_run13,1790179817,1790179893,76,healthy
bluegreen_level3_latency_vus10_run14,1790179904,1790179985,81,healthy
bluegreen_level3_latency_vus10_run15,1790179997,1790180077,80,healthy
bluegreen_level3_latency_vus10_run16,1790180093,1790180169,76,healthy
bluegreen_level3_latency_vus10_run17,1790180180,1790180256,76,healthy
bluegreen_level3_latency_vus10_run18,1790180268,1790180348,80,healthy
bluegreen_level3_latency_vus10_run19,1790180360,1790180436,76,healthy
bluegreen_level3_latency_vus10_run20,1790180448,1790180524,76,healthy
bluegreen_level3_memory_leak_vus10_run1,1790180535,1790180611,76,healthy
bluegreen_level3_memory_leak_vus10_run2,1790180623,1790180703,80,healthy
bluegreen_level3_memory_leak_vus10_run3,1790180715,1790180795,80,healthy
bluegreen_level3_memory_leak_vus10_run4,1790180807,1790180888,81,healthy
bluegreen_level3_memory_leak_vus10_run5,1790180904,1790180985,81,healthy
bluegreen_level3_memory_leak_vus10_run6,1790180997,1790181077,80,healthy
bluegreen_level3_memory_leak_vus10_run7,1790181089,1790181164,75,healthy
bluegreen_level3_memory_leak_vus10_run8,1790181176,1790181257,81,healthy
bluegreen_level3_memory_leak_vus10_run9,1790181269,1790181349,80,healthy
bluegreen_level3_memory_leak_vus10_run10,1790181361,1790181441,80,healthy
bluegreen_level3_memory_leak_vus10_run11,1790181457,1790181533,76,healthy
bluegreen_level3_memory_leak_vus10_run12,1790181545,1790181625,80,healthy
bluegreen_level3_memory_leak_vus10_run13,1790181637,1790181717,80,healthy
bluegreen_level3_memory_leak_vus10_run14,1790181729,1790181810,81,healthy
bluegreen_level3_memory_leak_vus10_run15,1790181826,1790181907,81,healthy
bluegreen_level3_memory_leak_vus10_run16,1790181919,1790181999,80,healthy
bluegreen_level3_memory_leak_vus10_run17,1790182011,1790182092,81,healthy
bluegreen_level3_memory_leak_vus10_run18,1790182108,1790182189,81,healthy
bluegreen_level3_memory_leak_vus10_run19,1790182201,1790182276,75,healthy
bluegreen_level3_memory_leak_vus10_run20,1790182292,1790182368,76,healthy
bluegreen_level3_crash_loop_vus10_run1,1790182380,1790182415,35,failed_or_timeout
bluegreen_level3_crash_loop_vus10_run2,1790182427,1790182464,37,failed_or_timeout
bluegreen_level3_crash_loop_vus10_run3,1790182476,1790182507,31,failed_or_timeout
bluegreen_level3_crash_loop_vus10_run4,1790182519,1790182550,31,failed_or_timeout
bluegreen_level3_crash_loop_vus10_run5,1790182567,1790182605,38,failed_or_timeout
bluegreen_level3_crash_loop_vus10_run6,1790182618,1790182661,43,failed_or_timeout
bluegreen_level3_crash_loop_vus10_run7,1790182673,1790182710,37,failed_or_timeout
bluegreen_level3_crash_loop_vus10_run8,1790182728,1790182765,37,failed_or_timeout
bluegreen_level3_crash_loop_vus10_run9,1790182782,1790182813,31,failed_or_timeout
bluegreen_level3_crash_loop_vus10_run10,1790182830,1790182868,38,failed_or_timeout
bluegreen_level3_crash_loop_vus10_run11,1790182880,1790183041,161,failed_or_timeout
bluegreen_level3_crash_loop_vus10_run12,1790183057,1790183088,31,failed_or_timeout
bluegreen_level3_crash_loop_vus10_run13,1790183101,1790183132,31,failed_or_timeout
bluegreen_level3_crash_loop_vus10_run14,1790183150,1790183188,38,failed_or_timeout
bluegreen_level3_crash_loop_vus10_run15,1790183201,1790183231,30,failed_or_timeout
bluegreen_level3_crash_loop_vus10_run16,1790183244,1790183281,37,failed_or_timeout
bluegreen_level3_crash_loop_vus10_run17,1790183298,1790183343,45,failed_or_timeout
bluegreen_level3_crash_loop_vus10_run18,1790183356,1790183387,31,failed_or_timeout
bluegreen_level3_crash_loop_vus10_run19,1790183400,1790183431,31,failed_or_timeout
bluegreen_level3_crash_loop_vus10_run20,1790183443,1790183503,60,failed_or_timeout
bluegreen_level3_downstream_db_slow_vus10_run1,1790183515,1790183595,80,healthy
bluegreen_level3_downstream_db_slow_vus10_run2,1790183611,1790183687,76,healthy
bluegreen_level3_downstream_db_slow_vus10_run3,1790183698,1790183774,76,healthy
bluegreen_level3_downstream_db_slow_vus10_run4,1790183785,1790183816,31,failed_or_timeout
bluegreen_level3_downstream_db_slow_vus10_run5,1790183828,1790183903,75,healthy
bluegreen_level3_downstream_db_slow_vus10_run6,1790183915,1790183995,80,healthy
bluegreen_level3_downstream_db_slow_vus10_run7,1790184006,1790184082,76,healthy
bluegreen_level3_downstream_db_slow_vus10_run8,1790184093,1790184169,76,healthy
bluegreen_level3_downstream_db_slow_vus10_run9,1790184181,1790184261,80,healthy
bluegreen_level3_downstream_db_slow_vus10_run10,1790184277,1790184353,76,healthy
bluegreen_level3_downstream_db_slow_vus10_run11,1790184364,1790184440,76,healthy
bluegreen_level3_downstream_db_slow_vus10_run12,1790184451,1790184527,76,healthy
bluegreen_level3_downstream_db_slow_vus10_run13,1790184539,1790184619,80,healthy
bluegreen_level3_downstream_db_slow_vus10_run14,1790184635,1790184711,76,healthy
bluegreen_level3_downstream_db_slow_vus10_run15,1790184722,1790184803,81,healthy
bluegreen_level3_downstream_db_slow_vus10_run16,1790184815,1790184845,30,failed_or_timeout
bluegreen_level3_downstream_db_slow_vus10_run17,1790184857,1790184932,75,healthy
bluegreen_level3_downstream_db_slow_vus10_run18,1790184948,1790185024,76,healthy
bluegreen_level3_downstream_db_slow_vus10_run19,1790185035,1790185111,76,healthy
bluegreen_level3_downstream_db_slow_vus10_run20,1790185122,1790185198,76,healthy
canary_l3_loadsweep_off_vus2_run1,1790185210,1790185271,61,healthy
canary_l3_loadsweep_off_vus2_run2,1790185283,1790185346,63,healthy
canary_l3_loadsweep_off_vus2_run3,1790185358,1790185421,63,healthy
canary_l3_loadsweep_off_vus2_run4,1790185433,1790185499,66,healthy
canary_l3_loadsweep_off_vus2_run5,1790185516,1790185576,60,healthy
canary_l3_loadsweep_off_vus2_run6,1790185590,1790185652,62,healthy
canary_l3_loadsweep_off_vus2_run7,1790185665,1790185728,63,healthy
canary_l3_loadsweep_off_vus2_run8,1790185740,1790185807,67,healthy
canary_l3_loadsweep_off_vus2_run9,1790185823,1790185884,61,healthy
canary_l3_loadsweep_off_vus2_run10,1790185897,1790185958,61,healthy
canary_l3_loadsweep_off_vus2_run11,1790185970,1790186033,63,healthy
canary_l3_loadsweep_off_vus2_run12,1790186046,1790186109,63,healthy
canary_l3_loadsweep_off_vus2_run13,1790186122,1790186188,66,healthy
canary_l3_loadsweep_off_vus2_run14,1790186205,1790186265,60,healthy
canary_l3_loadsweep_off_vus2_run15,1790186281,1790186344,63,healthy
canary_l3_loadsweep_off_vus2_run16,1790186359,1790186422,63,healthy
canary_l3_loadsweep_off_vus2_run17,1790186435,1790186506,71,healthy
canary_l3_loadsweep_off_vus2_run18,1790186523,1790186583,60,healthy
canary_l3_loadsweep_off_vus2_run19,1790186597,1790186659,62,healthy
canary_l3_loadsweep_off_vus2_run20,1790186671,1790186734,63,healthy
canary_l3_loadsweep_off_vus10_run1,1790186746,1790186813,67,healthy
canary_l3_loadsweep_off_vus10_run2,1790186829,1790186890,61,healthy
canary_l3_loadsweep_off_vus10_run3,1790186903,1790186964,61,healthy
canary_l3_loadsweep_off_vus10_run4,1790186977,1790187040,63,healthy
canary_l3_loadsweep_off_vus10_run5,1790187052,1790187115,63,healthy
canary_l3_loadsweep_off_vus10_run6,1790187128,1790187194,66,healthy
canary_l3_loadsweep_off_vus10_run7,1790187211,1790187271,60,healthy
canary_l3_loadsweep_off_vus10_run8,1790187285,1790187347,62,healthy
canary_l3_loadsweep_off_vus10_run9,1790187360,1790187423,63,healthy
canary_l3_loadsweep_off_vus10_run10,1790187436,1790187503,67,healthy
canary_l3_loadsweep_off_vus10_run11,1790187519,1790187580,61,healthy
canary_l3_loadsweep_off_vus10_run12,1790187593,1790187654,61,healthy
canary_l3_loadsweep_off_vus10_run13,1790187667,1790187730,63,healthy
canary_l3_loadsweep_off_vus10_run14,1790187743,1790187806,63,healthy
canary_l3_loadsweep_off_vus10_run15,1790187819,1790187880,61,healthy
canary_l3_loadsweep_off_vus10_run16,1790187895,1790187956,61,healthy
canary_l3_loadsweep_off_vus10_run17,1790187969,1790188032,63,healthy
canary_l3_loadsweep_off_vus10_run18,1790188045,1790188108,63,healthy
canary_l3_loadsweep_off_vus10_run19,1790188120,1790188186,66,healthy
canary_l3_loadsweep_off_vus10_run20,1790188200,1790188260,60,healthy
canary_l3_loadsweep_off_vus30_run1,1790188274,1790188336,62,healthy
canary_l3_loadsweep_off_vus30_run2,1790188349,1790188412,63,healthy
canary_l3_loadsweep_off_vus30_run3,1790188426,1790188493,67,healthy
canary_l3_loadsweep_off_vus30_run4,1790188509,1790188570,61,healthy
canary_l3_loadsweep_off_vus30_run5,1790188583,1790188644,61,healthy
canary_l3_loadsweep_off_vus30_run6,1790188656,1790188719,63,healthy
canary_l3_loadsweep_off_vus30_run7,1790188731,1790188794,63,healthy
canary_l3_loadsweep_off_vus30_run8,1790188807,1790188873,66,healthy
canary_l3_loadsweep_off_vus30_run9,1790188890,1790188950,60,healthy
canary_l3_loadsweep_off_vus30_run10,1790188964,1790189026,62,healthy
canary_l3_loadsweep_off_vus30_run11,1790189041,1790189104,63,healthy
canary_l3_loadsweep_off_vus30_run12,1790189117,1790189184,67,healthy
canary_l3_loadsweep_off_vus30_run13,1790189197,1790189257,60,healthy
canary_l3_loadsweep_off_vus30_run14,1790189273,1790189335,62,healthy
canary_l3_loadsweep_off_vus30_run15,1790189347,1790189410,63,healthy
canary_l3_loadsweep_off_vus30_run16,1790189422,1790189485,63,healthy
canary_l3_loadsweep_off_vus30_run17,1790189498,1790189559,61,healthy
canary_l3_loadsweep_off_vus30_run18,1790189572,1790189633,61,healthy
canary_l3_loadsweep_off_vus30_run19,1790189645,1790189708,63,healthy
canary_l3_loadsweep_off_vus30_run20,1790189721,1790189784,63,healthy
canary_l3_loadsweep_errors_vus2_run1,1790189797,1790189827,30,failed_or_timeout
canary_l3_loadsweep_errors_vus2_run2,1790189838,1790189899,61,healthy
canary_l3_loadsweep_errors_vus2_run3,1790189913,1790189943,30,failed_or_timeout
canary_l3_loadsweep_errors_vus2_run4,1790189956,1790189986,30,failed_or_timeout
canary_l3_loadsweep_errors_vus2_run5,1790189999,1790190029,30,failed_or_timeout
canary_l3_loadsweep_errors_vus2_run6,1790190042,1790190072,30,failed_or_timeout
canary_l3_loadsweep_errors_vus2_run7,1790190084,1790190147,63,healthy
canary_l3_loadsweep_errors_vus2_run8,1790190160,1790190205,45,failed_or_timeout
canary_l3_loadsweep_errors_vus2_run9,1790190217,1790190277,60,healthy
canary_l3_loadsweep_errors_vus2_run10,1790190290,1790190320,30,failed_or_timeout
canary_l3_loadsweep_errors_vus2_run11,1790190332,1790190377,45,failed_or_timeout
canary_l3_loadsweep_errors_vus2_run12,1790190390,1790190420,30,failed_or_timeout
canary_l3_loadsweep_errors_vus2_run13,1790190433,1790190463,30,failed_or_timeout
canary_l3_loadsweep_errors_vus2_run14,1790190475,1790190505,30,failed_or_timeout
canary_l3_loadsweep_errors_vus2_run15,1790190517,1790190577,60,healthy
canary_l3_loadsweep_errors_vus2_run16,1790190593,1790190623,30,failed_or_timeout
canary_l3_loadsweep_errors_vus2_run17,1790190635,1790190680,45,failed_or_timeout
canary_l3_loadsweep_errors_vus2_run18,1790190693,1790190723,30,failed_or_timeout
canary_l3_loadsweep_errors_vus2_run19,1790190736,1790190766,30,failed_or_timeout
canary_l3_loadsweep_errors_vus2_run20,1790190779,1790190809,30,failed_or_timeout
canary_l3_loadsweep_errors_vus10_run1,1790190821,1790190866,45,failed_or_timeout
canary_l3_loadsweep_errors_vus10_run2,1790190878,1790190923,45,failed_or_timeout
canary_l3_loadsweep_errors_vus10_run3,1790190935,1790190997,62,healthy
canary_l3_loadsweep_errors_vus10_run4,1790191009,1790191039,30,failed_or_timeout
canary_l3_loadsweep_errors_vus10_run5,1790191054,1790191084,30,failed_or_timeout
canary_l3_loadsweep_errors_vus10_run6,1790191097,1790191127,30,failed_or_timeout
canary_l3_loadsweep_errors_vus10_run7,1790191140,1790191170,30,failed_or_timeout
canary_l3_loadsweep_errors_vus10_run8,1790191184,1790191244,60,healthy
canary_l3_loadsweep_errors_vus10_run9,1790191258,1790191288,30,failed_or_timeout
canary_l3_loadsweep_errors_vus10_run10,1790191300,1790191330,30,failed_or_timeout
canary_l3_loadsweep_errors_vus10_run11,1790191342,1790191387,45,failed_or_timeout
canary_l3_loadsweep_errors_vus10_run12,1790191399,1790191429,30,failed_or_timeout
canary_l3_loadsweep_errors_vus10_run13,1790191443,1790191509,66,healthy
canary_l3_loadsweep_errors_vus10_run14,1790191523,1790191583,60,healthy
canary_l3_loadsweep_errors_vus10_run15,1790191596,1790191658,62,healthy
canary_l3_loadsweep_errors_vus10_run16,1790191670,1790191733,63,healthy
canary_l3_loadsweep_errors_vus10_run17,1790191745,1790191782,37,failed_or_timeout
canary_l3_loadsweep_errors_vus10_run18,1790191794,1790191860,66,healthy
canary_l3_loadsweep_errors_vus10_run19,1790191877,1790191922,45,failed_or_timeout
canary_l3_loadsweep_errors_vus10_run20,1790191937,1790191974,37,failed_or_timeout
canary_l3_loadsweep_errors_vus30_run1,1790191988,1790192025,37,failed_or_timeout
canary_l3_loadsweep_errors_vus30_run2,1790192038,1790192068,30,failed_or_timeout
canary_l3_loadsweep_errors_vus30_run3,1790192080,1790192125,45,failed_or_timeout
canary_l3_loadsweep_errors_vus30_run4,1790192137,1790192182,45,failed_or_timeout
canary_l3_loadsweep_errors_vus30_run5,1790192194,1790192224,30,failed_or_timeout
canary_l3_loadsweep_errors_vus30_run6,1790192236,1790192266,30,failed_or_timeout
canary_l3_loadsweep_errors_vus30_run7,1790192279,1790192324,45,failed_or_timeout
canary_l3_loadsweep_errors_vus30_run8,1790192337,1790192400,63,healthy
canary_l3_loadsweep_errors_vus30_run9,1790192413,1790192443,30,failed_or_timeout
canary_l3_loadsweep_errors_vus30_run10,1790192455,1790192485,30,failed_or_timeout
canary_l3_loadsweep_errors_vus30_run11,1790192497,1790192534,37,failed_or_timeout
canary_l3_loadsweep_errors_vus30_run12,1790192547,1790192577,30,failed_or_timeout
canary_l3_loadsweep_errors_vus30_run13,1790192590,1790192620,30,failed_or_timeout
canary_l3_loadsweep_errors_vus30_run14,1790192632,1790192677,45,failed_or_timeout
canary_l3_loadsweep_errors_vus30_run15,1790192689,1790192719,30,failed_or_timeout
canary_l3_loadsweep_errors_vus30_run16,1790192731,1790192761,30,failed_or_timeout
canary_l3_loadsweep_errors_vus30_run17,1790192774,1790192804,30,failed_or_timeout
canary_l3_loadsweep_errors_vus30_run18,1790192818,1790192863,45,failed_or_timeout
canary_l3_loadsweep_errors_vus30_run19,1790192878,1790192908,30,failed_or_timeout
canary_l3_loadsweep_errors_vus30_run20,1790192921,1790192951,30,failed_or_timeout
bg_l3_loadsweep_off_vus2_run1,1790192963,1790193039,76,healthy
bg_l3_loadsweep_off_vus2_run2,1790193050,1790193131,81,healthy
bg_l3_loadsweep_off_vus2_run3,1790193143,1790193218,75,healthy
bg_l3_loadsweep_off_vus2_run4,1790193230,1790193305,75,healthy
bg_l3_loadsweep_off_vus2_run5,1790193316,1790193392,76,healthy
bg_l3_loadsweep_off_vus2_run6,1790193403,1790193479,76,healthy
bg_l3_loadsweep_off_vus2_run7,1790193491,1790193566,75,healthy
bg_l3_loadsweep_off_vus2_run8,1790193582,1790193658,76,healthy
bg_l3_loadsweep_off_vus2_run9,1790193669,1790193750,81,healthy
bg_l3_loadsweep_off_vus2_run10,1790193761,1790193837,76,healthy
bg_l3_loadsweep_off_vus2_run11,1790193849,1790193924,75,healthy
bg_l3_loadsweep_off_vus2_run12,1790193940,1790194016,76,healthy
bg_l3_loadsweep_off_vus2_run13,1790194027,1790194103,76,healthy
bg_l3_loadsweep_off_vus2_run14,1790194114,1790194190,76,healthy
bg_l3_loadsweep_off_vus2_run15,1790194202,1790194277,75,healthy
bg_l3_loadsweep_off_vus2_run16,1790194293,1790194369,76,healthy
bg_l3_loadsweep_off_vus2_run17,1790194380,1790194456,76,healthy
bg_l3_loadsweep_off_vus2_run18,1790194468,1790194548,80,healthy
bg_l3_loadsweep_off_vus2_run19,1790194560,1790194635,75,healthy
bg_l3_loadsweep_off_vus2_run20,1790194646,1790194722,76,healthy
bg_l3_loadsweep_off_vus10_run1,1790194733,1790194814,81,healthy
bg_l3_loadsweep_off_vus10_run2,1790194826,1790194901,75,healthy
bg_l3_loadsweep_off_vus10_run3,1790194913,1790194988,75,healthy
bg_l3_loadsweep_off_vus10_run4,1790194999,1790195080,81,healthy
bg_l3_loadsweep_off_vus10_run5,1790195091,1790195172,81,healthy
bg_l3_loadsweep_off_vus10_run6,1790195184,1790195259,75,healthy
bg_l3_loadsweep_off_vus10_run7,1790195271,1790195352,81,healthy
bg_l3_loadsweep_off_vus10_run8,1790195363,1790195439,76,healthy
bg_l3_loadsweep_off_vus10_run9,1790195450,1790195526,76,healthy
bg_l3_loadsweep_off_vus10_run10,1790195538,1790195613,75,healthy
bg_l3_loadsweep_off_vus10_run11,1790195629,1790195705,76,healthy
bg_l3_loadsweep_off_vus10_run12,1790195716,1790195792,76,healthy
bg_l3_loadsweep_off_vus10_run13,1790195803,1790195879,76,healthy
bg_l3_loadsweep_off_vus10_run14,1790195891,1790195966,75,healthy
bg_l3_loadsweep_off_vus10_run15,1790195982,1790196058,76,healthy
bg_l3_loadsweep_off_vus10_run16,1790196069,1790196150,81,healthy
bg_l3_loadsweep_off_vus10_run17,1790196162,1790196237,75,healthy
bg_l3_loadsweep_off_vus10_run18,1790196249,1790196329,80,healthy
bg_l3_loadsweep_off_vus10_run19,1790196340,1790196416,76,healthy
bg_l3_loadsweep_off_vus10_run20,1790196427,1790196503,76,healthy
bg_l3_loadsweep_off_vus30_run1,1790196515,1790196590,75,healthy
bg_l3_loadsweep_off_vus30_run2,1790196602,1790196682,80,healthy
bg_l3_loadsweep_off_vus30_run3,1790196693,1790196769,76,healthy
bg_l3_loadsweep_off_vus30_run4,1790196780,1790196861,81,healthy
bg_l3_loadsweep_off_vus30_run5,1790196873,1790196948,75,healthy
bg_l3_loadsweep_off_vus30_run6,1790196964,1790197040,76,healthy
bg_l3_loadsweep_off_vus30_run7,1790197051,1790197127,76,healthy
bg_l3_loadsweep_off_vus30_run8,1790197138,1790197214,76,healthy
bg_l3_loadsweep_off_vus30_run9,1790197226,1790197306,80,healthy
bg_l3_loadsweep_off_vus30_run10,1790197317,1790197393,76,healthy
bg_l3_loadsweep_off_vus30_run11,1790197404,1790197485,81,healthy
bg_l3_loadsweep_off_vus30_run12,1790197497,1790197572,75,healthy
bg_l3_loadsweep_off_vus30_run13,1790197584,1790197659,75,healthy
bg_l3_loadsweep_off_vus30_run14,1790197670,1790197746,76,healthy
bg_l3_loadsweep_off_vus30_run15,1790197757,1790197833,76,healthy
bg_l3_loadsweep_off_vus30_run16,1790197845,1790197920,75,healthy
bg_l3_loadsweep_off_vus30_run17,1790197932,1790198012,80,healthy
bg_l3_loadsweep_off_vus30_run18,1790198023,1790198104,81,healthy
bg_l3_loadsweep_off_vus30_run19,1790198115,1790198196,81,healthy
bg_l3_loadsweep_off_vus30_run20,1790198208,1790198288,80,healthy
bg_l3_loadsweep_errors_vus2_run1,1790198304,1790198335,31,failed_or_timeout
bg_l3_loadsweep_errors_vus2_run2,1790198347,1790198378,31,failed_or_timeout
bg_l3_loadsweep_errors_vus2_run3,1790198390,1790198426,36,failed_or_timeout
bg_l3_loadsweep_errors_vus2_run4,1790198438,1790198474,36,failed_or_timeout
bg_l3_loadsweep_errors_vus2_run5,1790198488,1790198518,30,failed_or_timeout
bg_l3_loadsweep_errors_vus2_run6,1790198530,1790198560,30,failed_or_timeout
bg_l3_loadsweep_errors_vus2_run7,1790198572,1790198602,30,failed_or_timeout
bg_l3_loadsweep_errors_vus2_run8,1790198614,1790198645,31,failed_or_timeout
bg_l3_loadsweep_errors_vus2_run9,1790198657,1790198688,31,failed_or_timeout
bg_l3_loadsweep_errors_vus2_run10,1790198701,1790198732,31,failed_or_timeout
bg_l3_loadsweep_errors_vus2_run11,1790198745,1790198776,31,failed_or_timeout
bg_l3_loadsweep_errors_vus2_run12,1790198790,1790198820,30,failed_or_timeout
bg_l3_loadsweep_errors_vus2_run13,1790198833,1790198868,35,failed_or_timeout
bg_l3_loadsweep_errors_vus2_run14,1790198880,1790198910,30,failed_or_timeout
bg_l3_loadsweep_errors_vus2_run15,1790198923,1790198954,31,failed_or_timeout
bg_l3_loadsweep_errors_vus2_run16,1790198967,1790198998,31,failed_or_timeout
bg_l3_loadsweep_errors_vus2_run17,1790199010,1790199041,31,failed_or_timeout
bg_l3_loadsweep_errors_vus2_run18,1790199053,1790199089,36,failed_or_timeout
bg_l3_loadsweep_errors_vus2_run19,1790199102,1790199132,30,failed_or_timeout
bg_l3_loadsweep_errors_vus2_run20,1790199144,1790199174,30,failed_or_timeout
bg_l3_loadsweep_errors_vus10_run1,1790199186,1790199217,31,failed_or_timeout
bg_l3_loadsweep_errors_vus10_run2,1790199229,1790199260,31,failed_or_timeout
bg_l3_loadsweep_errors_vus10_run3,1790199272,1790199308,36,failed_or_timeout
bg_l3_loadsweep_errors_vus10_run4,1790199325,1790199356,31,failed_or_timeout
bg_l3_loadsweep_errors_vus10_run5,1790199367,1790199398,31,failed_or_timeout
bg_l3_loadsweep_errors_vus10_run6,1790199410,1790199440,30,failed_or_timeout
bg_l3_loadsweep_errors_vus10_run7,1790199452,1790199482,30,failed_or_timeout
bg_l3_loadsweep_errors_vus10_run8,1790199495,1790199526,31,failed_or_timeout
bg_l3_loadsweep_errors_vus10_run9,1790199538,1790199574,36,failed_or_timeout
bg_l3_loadsweep_errors_vus10_run10,1790199587,1790199618,31,failed_or_timeout
bg_l3_loadsweep_errors_vus10_run11,1790199631,1790199662,31,failed_or_timeout
bg_l3_loadsweep_errors_vus10_run12,1790199675,1790199706,31,failed_or_timeout
bg_l3_loadsweep_errors_vus10_run13,1790199719,1790199749,30,failed_or_timeout
bg_l3_loadsweep_errors_vus10_run14,1790199762,1790199792,30,failed_or_timeout
bg_l3_loadsweep_errors_vus10_run15,1790199804,1790199835,31,failed_or_timeout
bg_l3_loadsweep_errors_vus10_run16,1790199847,1790199883,36,failed_or_timeout
bg_l3_loadsweep_errors_vus10_run17,1790199895,1790199926,31,failed_or_timeout
bg_l3_loadsweep_errors_vus10_run18,1790199938,1790199969,31,failed_or_timeout
bg_l3_loadsweep_errors_vus10_run19,1790199981,1790200017,36,failed_or_timeout
bg_l3_loadsweep_errors_vus10_run20,1790200029,1790200059,30,failed_or_timeout
bg_l3_loadsweep_errors_vus30_run1,1790200071,1790200106,35,failed_or_timeout
bg_l3_loadsweep_errors_vus30_run2,1790200123,1790200154,31,failed_or_timeout
bg_l3_loadsweep_errors_vus30_run3,1790200167,1790200198,31,failed_or_timeout
bg_l3_loadsweep_errors_vus30_run4,1790200210,1790200241,31,failed_or_timeout
bg_l3_loadsweep_errors_vus30_run5,1790200253,1790200284,31,failed_or_timeout
bg_l3_loadsweep_errors_vus30_run6,1790200297,1790200332,35,failed_or_timeout
bg_l3_loadsweep_errors_vus30_run7,1790200344,1790200374,30,failed_or_timeout
bg_l3_loadsweep_errors_vus30_run8,1790200386,1790200416,30,failed_or_timeout
bg_l3_loadsweep_errors_vus30_run9,1790200428,1790200459,31,failed_or_timeout
bg_l3_loadsweep_errors_vus30_run10,1790200477,1790200513,36,failed_or_timeout
bg_l3_loadsweep_errors_vus30_run11,1790200525,1790200561,36,failed_or_timeout
bg_l3_loadsweep_errors_vus30_run12,1790200574,1790200610,36,failed_or_timeout
bg_l3_loadsweep_errors_vus30_run13,1790200622,1790200652,30,failed_or_timeout
bg_l3_loadsweep_errors_vus30_run14,1790200665,1790200695,30,failed_or_timeout
bg_l3_loadsweep_errors_vus30_run15,1790200708,1790200738,30,failed_or_timeout
bg_l3_loadsweep_errors_vus30_run16,1790200750,1790200781,31,failed_or_timeout
bg_l3_loadsweep_errors_vus30_run17,1790200793,1790200824,31,failed_or_timeout
bg_l3_loadsweep_errors_vus30_run18,1790200836,1790200872,36,failed_or_timeout
bg_l3_loadsweep_errors_vus30_run19,1790200884,1790200920,36,failed_or_timeout
bg_l3_loadsweep_errors_vus30_run20,1790200933,1790200963,30,failed_or_timeout
